{"default":{"state":{"v":1,"bm":86.78500000000099,"totalEarned":996.7849999999722,"stage":1,"upgrades":{"membrane":6,"vacuole":4,"cilia":3,"divide":1},"bestEarned":996.7849999999722,"ts":1781142437357},"at":1781142437358},"s1":{"state":{"bm":777,"stage":2},"at":1781142438996}}